{"Back_C":{"X":-0.03251366689801216,"Y":0.0,"Z":9.664198875427246},"Back_L":{"X":-3.0403923988342285,"Y":0.0,"Z":9.662837982177734},"Back_R":{"X":3.1194405555725098,"Y":0.0,"Z":9.685606956481934},"Center_C":{"X":-0.06570672988891602,"Y":0.0,"Z":6.594770908355713},"Center_L":{"X":-3.079030990600586,"Y":0.0,"Z":6.597494125366211},"Center_R":{"X":3.1608102321624756,"Y":0.0,"Z":6.557494163513184},"Front_C":{"X":-0.08636032044887543,"Y":0.0,"Z":3.32869815826416},"Front_L":{"X":-3.0308785438537598,"Y":0.0,"Z":3.4078190326690674},"Front_R":{"X":3.218599557876587,"Y":0.0,"Z":3.428260326385498}}