{"Back_C":{"X":-0.05251368135213852,"Y":0.0,"Z":9.824197769165039},"Back_L":{"X":-2.9203922748565674,"Y":0.0,"Z":9.702839851379395},"Back_R":{"X":-3.980557680130005,"Y":0.0,"Z":11.545610427856445},"Center_C":{"X":-0.06570672988891602,"Y":0.0,"Z":6.594770908355713},"Center_L":{"X":-3.079030990600586,"Y":0.0,"Z":6.597494125366211},"Center_R":{"X":3.1608102321624756,"Y":0.0,"Z":6.557494163513184},"Front_C":{"X":-0.08636032044887543,"Y":0.0,"Z":3.32869815826416},"Front_L":{"X":-3.0308785438537598,"Y":0.0,"Z":3.4078190326690674},"Front_R":{"X":3.218599557876587,"Y":0.0,"Z":3.428260326385498}}