{"Back_C":{"X":-0.03251378983259201,"Y":0.0,"Z":9.584196090698242},"Back_L":{"X":-2.9203922748565674,"Y":0.0,"Z":9.702839851379395},"Back_R":{"X":3.1194489002227783,"Y":0.0,"Z":9.665582656860352},"Center_C":{"X":-0.06570672988891602,"Y":0.0,"Z":6.594770908355713},"Center_L":{"X":-3.079030990600586,"Y":0.0,"Z":6.597494125366211},"Center_R":{"X":3.1608102321624756,"Y":0.0,"Z":6.557494163513184},"Front_C":{"X":0.033639632165431976,"Y":0.0,"Z":3.4086971282958984},"Front_L":{"X":-3.0308785438537598,"Y":0.0,"Z":3.4078190326690674},"Front_R":{"X":3.218599557876587,"Y":0.0,"Z":3.428260326385498}}