{"Back_C":{"X":-3.0301356315612793,"Y":0.0,"Z":-9.950919151306152},"Back_L":{"X":0.011627484112977982,"Y":0.0,"Z":-10.012012481689453},"Back_R":{"X":2.948094129562378,"Y":0.0,"Z":-9.990669250488281},"Center_C":{"X":-0.033795394003391266,"Y":0.0,"Z":-6.559915065765381},"Center_L":{"X":-3.0458803176879883,"Y":0.0,"Z":-6.577030181884766},"Center_R":{"X":3.0067460536956787,"Y":0.0,"Z":-6.645687103271484},"Front_C":{"X":-0.03292398154735565,"Y":0.0,"Z":-3.5234735012054443},"Front_L":{"X":-2.9836926460266113,"Y":0.0,"Z":-3.537813901901245},"Front_R":{"X":2.9948201179504395,"Y":0.0,"Z":-3.557800769805908}}