{"Back_C":{"X":-0.09013649821281433,"Y":0.0,"Z":-9.990913391113281},"Back_L":{"X":-3.068371295928955,"Y":0.0,"Z":-9.75200366973877},"Back_R":{"X":3.068096399307251,"Y":0.0,"Z":-10.230659484863281},"Center_C":{"X":-0.033795394003391266,"Y":0.0,"Z":-6.539915084838867},"Center_L":{"X":-3.0458803176879883,"Y":0.0,"Z":-6.577030181884766},"Center_R":{"X":3.0067460536956787,"Y":0.0,"Z":-6.545687198638916},"Front_C":{"X":-0.03292398154735565,"Y":0.0,"Z":-3.5234735012054443},"Front_L":{"X":-2.9836926460266113,"Y":0.0,"Z":-3.537813901901245},"Front_R":{"X":2.9948201179504395,"Y":0.0,"Z":-3.557800769805908}}