{"Back_C":{"X":-3.0101356506347656,"Y":0.0,"Z":-9.770920753479004},"Back_L":{"X":-0.008372515439987183,"Y":0.0,"Z":-9.732011795043945},"Back_R":{"X":2.9080967903137207,"Y":0.0,"Z":-9.750670433044434},"Center_C":{"X":-0.033795394003391266,"Y":0.0,"Z":-6.559915065765381},"Center_L":{"X":-3.0458803176879883,"Y":0.0,"Z":-6.577030181884766},"Center_R":{"X":3.0067460536956787,"Y":0.0,"Z":-6.645687103271484},"Front_C":{"X":-0.03292398154735565,"Y":0.0,"Z":-3.5234735012054443},"Front_L":{"X":-2.9836926460266113,"Y":0.0,"Z":-3.537813901901245},"Front_R":{"X":2.9948201179504395,"Y":0.0,"Z":-3.557800769805908}}