{
 "Back_C": {
  "X": -0.032513782382011414,
  "Y": 0.0,
  "Z": 9.524199485778809
 },
 "Back_L": {
  "X": -2.9803922176361084,
  "Y": 0.0,
  "Z": 9.502837181091309
 },
 "Back_R": {
  "X": 2.9794487953186035,
  "Y": 0.0,
  "Z": 9.545560836791992
 },
 "Center_C": {
  "X": 0.07429340481758118,
  "Y": 0.0,
  "Z": 6.514770984649658
 },
 "Center_L": {
  "X": -2.9590306282043457,
  "Y": 0.0,
  "Z": 6.557494163513184
 },
 "Center_R": {
  "X": 3.000810384750366,
  "Y": 0.0,
  "Z": 6.557494163513184
 },
 "Front_C": {
  "X": 0.013639666140079498,
  "Y": 0.0,
  "Z": 2.9687018394470215
 },
 "Front_L": {
  "X": -2.9708786010742188,
  "Y": 0.0,
  "Z": 2.9278180599212646
 },
 "Front_R": {
  "X": 3.01859974861145,
  "Y": 0.0,
  "Z": 2.9482600688934326
 }
}