{
 "Back_C": {
  "X": 0.009863513521850109,
  "Y": 0.0,
  "Z": -9.510908126831055
 },
 "Back_L": {
  "X": -3.008371591567993,
  "Y": 0.0,
  "Z": -9.432000160217285
 },
 "Back_R": {
  "X": 3.0280985832214355,
  "Y": 0.0,
  "Z": -9.530635833740234
 },
 "Center_C": {
  "X": 0.0062045929953455925,
  "Y": 0.0,
  "Z": -6.539915084838867
 },
 "Center_L": {
  "X": -3.005880355834961,
  "Y": 0.0,
  "Z": -6.5570292472839355
 },
 "Center_R": {
  "X": 3.0867459774017334,
  "Y": 0.0,
  "Z": -6.505687236785889
 },
 "Front_C": {
  "X": -0.012923980131745338,
  "Y": 0.0,
  "Z": -3.063472270965576
 },
 "Front_L": {
  "X": -2.963693141937256,
  "Y": 0.0,
  "Z": -3.037813425064087
 },
 "Front_R": {
  "X": 3.014821767807007,
  "Y": 0.0,
  "Z": -3.037813425064087
 }
}