{"Back_C":{"X":-0.008372515439987183,"Y":0.0,"Z":-9.732011795043945},"Back_L":{"X":2.9080967903137207,"Y":0.0,"Z":-9.750670433044434},"Back_R":{"X":-3.0101356506347656,"Y":0.0,"Z":-9.770920753479004},"Center_C":{"X":-0.033795394003391266,"Y":0.0,"Z":-6.559915065765381},"Center_L":{"X":3.0067460536956787,"Y":0.0,"Z":-6.645687103271484},"Center_R":{"X":-3.0458803176879883,"Y":0.0,"Z":-6.577030181884766},"Front_C":{"X":0.02707511931657791,"Y":0.0,"Z":-3.543473720550537},"Front_L":{"X":2.994818687438965,"Y":0.0,"Z":-3.5978007316589355},"Front_R":{"X":-3.043691635131836,"Y":0.0,"Z":-3.557814121246338}}