{
  "Left_C": {
    "X": 2.367075204849243,
    "Y": 0.0,
    "Z": 5.943471431732178
  },
  "Left_R": {
    "X": 3.9148192405700684,
    "Y": 0.0,
    "Z": 5.277799129486084
  },
  "Left_L": {
    "X": 0.5363070964813232,
    "Y": 0.0,
    "Z": 6.057811737060547
  },
  "Right_C": {
    "X": -2.367075204849243,
    "Y": 0.0,
    "Z": 5.943471431732178
  },
  "Right_L": {
    "X": -3.9148192405700684,
    "Y": 0.0,
    "Z": 5.277799129486084
  },
  "Right_R": {
    "X": -0.5363070964813232,
    "Y": 0.0,
    "Z": 6.057811737060547
  }
}