{
  "Path0": {
    "Position": [ -5.5, 1.3509999513626099, 11.5 ]
  },
  "Path1": {
    "Position": [ -5.0, 1.350000023841858, 8.0 ]
  },
  "Path2": {
    "Position": [ -3.0, 1.350000023841858, 6.0 ]
  }
}