{
  "Path0": {
    "Position": [ -2.0, 1.350000023841858, -10.0 ]
  },
  "Path1": {
    "Position": [ 0.0, 1.350000023841858, -7.0 ]
  },
  "Path2": {
    "Position": [ 3.0, 1.350000023841858, -6.0 ]
  }
}