{
  "Path 0": {
    "Position": [ 0.0, 1.3509999513626099, 0.0 ]
  },
  "Path 1": {
    "Position": [ 0.0, 1.3509999513626099, 5.0 ]
  },
  "Path 2": {
    "Position": [ 0.0, 1.2999999523162842, -5.0 ]
  }
}