{
  "Path0": {
    "Position": [ -31.600000381469727, 29.799999237060547, 43.29999923706055 ]
  },
  "Path1": {
    "Position": [ -18.299999237060547, 29.700000762939453, 51.0 ]
  },
  "Path2": {
    "Position": [ 5.900000095367432, 30.0, 57.0 ]
  }}