{
  "Path0": { 
    "Position": [ -9.800000190734863, 4.199999809265137, 14.699999809265137 ] },
  "Path1": {
    "Position": [ -6.300000190734863, 4.400000095367432, 19.700000762939453 ] },
  "Path2": {
    "Position": [ 7.0, 4.210000038146973, 16.25 ] }
}