{"Path0":{"Position":[2.5999999046325684,4.0,-9.899999618530273]},"Path1":{"Position":[5.5,3.930000066757202,-5.800000190734863]},"Path2":{"Position":[8.899999618530273,4.210000038146973,-1.1799999475479126]}}